<?xml version="1.0"?>
<doc>
    <assembly>
        <name>Demo.Core</name>
    </assembly>
    <members>
        <member name="T:Demo.Core.Application.School2Student.Dto.School2StudentAddDto">
            <summary>
            学校和学生关系
            </summary>
        </member>
        <member name="P:Demo.Core.Application.School2Student.Dto.School2StudentAddDto.SchoolId">
            <summary>
            学校Id
            </summary>		
        </member>
        <member name="P:Demo.Core.Application.School2Student.Dto.School2StudentAddDto.StudentId">
            <summary>
            学生Id
            </summary>		
        </member>
        <member name="T:Demo.Core.Application.School2Student.Dto.School2StudentDto">
            <summary>
            学校和学生关系
            </summary>
        </member>
        <member name="P:Demo.Core.Application.School2Student.Dto.School2StudentDto.SchoolId">
            <summary>
            学校Id
            </summary>		
        </member>
        <member name="P:Demo.Core.Application.School2Student.Dto.School2StudentDto.StudentId">
            <summary>
            学生Id
            </summary>		
        </member>
        <member name="T:Demo.Core.Application.School2Student.Dto.School2StudentExportDto">
            <summary>
            学校和学生关系
            </summary>
        </member>
        <member name="T:Demo.Core.Application.School2Student.Dto.School2StudentImportDto">
            <summary>
            学校和学生关系
            </summary>
        </member>
        <member name="T:Demo.Core.Application.School2Student.Dto.School2StudentListDto">
            <summary>
            学校和学生关系
            </summary>
        </member>
        <member name="P:Demo.Core.Application.School2Student.Dto.School2StudentListDto.SchoolId">
            <summary>
            学校Id
            </summary>		
        </member>
        <member name="P:Demo.Core.Application.School2Student.Dto.School2StudentListDto.StudentId">
            <summary>
            学生Id
            </summary>		
        </member>
        <member name="T:Demo.Core.Application.School2Student.Dto.School2StudentQueryDto">
            <summary>
            查询Model
            </summary>
        </member>
        <member name="T:Demo.Core.Application.School2Student.ISchool2StudentService">
            <summary>
            学校和学生关系
            </summary>
        </member>
        <member name="M:Demo.Core.Application.School2Student.ISchool2StudentService.GetList(Demo.Core.Application.School2Student.Dto.School2StudentQueryDto)">
            <summary>
            获取列表
            </summary>
            <param name="dto"></param>
            <returns></returns>
        </member>
        <member name="M:Demo.Core.Application.School2Student.ISchool2StudentService.GetViewById(System.Nullable{System.Guid})">
            <summary>
            获取详情
            </summary>
            <param name="primaryKey"></param>
            <returns></returns>
        </member>
        <member name="M:Demo.Core.Application.School2Student.ISchool2StudentService.Add(Demo.Core.Application.School2Student.Dto.School2StudentAddDto)">
            <summary>
            新增
            </summary>
            <param name="dto"></param>
            <returns></returns>
        </member>
        <member name="M:Demo.Core.Application.School2Student.ISchool2StudentService.Update(Demo.Core.Application.School2Student.Dto.School2StudentAddDto)">
            <summary>
            编辑
            </summary>
            <param name="dto"></param>
            <returns></returns>
        </member>
        <member name="M:Demo.Core.Application.School2Student.ISchool2StudentService.Del(System.Guid)">
            <summary>
            删除
            </summary>
            <param name="primaryKey"></param>
            <returns></returns>
        </member>
        <member name="M:Demo.Core.Application.School2Student.ISchool2StudentService.ExportExcel(Demo.Core.Application.School2Student.Dto.School2StudentQueryDto)">
            <summary>
            导出
            </summary>
            <param name="dto"></param>
            <returns></returns>     
        </member>
        <member name="M:Demo.Core.Application.School2Student.ISchool2StudentService.ImportExcel(Microsoft.AspNetCore.Http.IFormFile)">
            <summary>
            导入
            </summary>
            <param name="formFile"></param>
            <returns></returns>
        </member>
        <member name="T:Demo.Core.Application.School2Student.School2StudentService">
            <summary>
            学校和学生关系
            </summary>
        </member>
        <member name="M:Demo.Core.Application.School2Student.School2StudentService.GetList(Demo.Core.Application.School2Student.Dto.School2StudentQueryDto)">
            <summary>
            获取列表
            </summary>
            <param name="dto"></param>
            <returns></returns>
        </member>
        <member name="M:Demo.Core.Application.School2Student.School2StudentService.ExportExcel(Demo.Core.Application.School2Student.Dto.School2StudentQueryDto)">
            <summary>
            导出
            </summary>
            <param name="dto"></param>
            <returns></returns>
        </member>
        <member name="M:Demo.Core.Application.School2Student.School2StudentService.ImportExcel(Microsoft.AspNetCore.Http.IFormFile)">
            <summary>
            导入
            </summary>
            <param name="formFile"></param>
            <returns></returns>
        </member>
        <member name="M:Demo.Core.Application.School2Student.School2StudentService.GetViewById(System.Nullable{System.Guid})">
            <summary>
            获取详情
            </summary>
            <param name="primaryKey"></param>
            <returns></returns>
        </member>
        <member name="M:Demo.Core.Application.School2Student.School2StudentService.Add(Demo.Core.Application.School2Student.Dto.School2StudentAddDto)">
            <summary>
            新增
            </summary>
            <param name="dto"></param>
            <returns></returns>
        </member>
        <member name="M:Demo.Core.Application.School2Student.School2StudentService.Update(Demo.Core.Application.School2Student.Dto.School2StudentAddDto)">
            <summary>
            更新
            </summary>
            <param name="dto"></param>
            <returns></returns>
        </member>
        <member name="M:Demo.Core.Application.School2Student.School2StudentService.Del(System.Guid)">
            <summary>
            删除
            </summary>
            <param name="primaryKey"></param>
            <returns></returns>
        </member>
        <member name="M:Demo.Core.Application.School2Student.MapperConfig.Bind(AutoMapper.IMapperConfigurationExpression)">
            <summary>
            进行映射设置
            </summary>
            <param name="cfg"></param>
        </member>
        <member name="T:Demo.Core.Application.School.Dto.SchoolAddDto">
            <summary>
            学校
            </summary>
        </member>
        <member name="P:Demo.Core.Application.School.Dto.SchoolAddDto.SchoolId">
            <summary>
            主键
            </summary>		
        </member>
        <member name="P:Demo.Core.Application.School.Dto.SchoolAddDto.SchoolName">
            <summary>
            学校名称
            </summary>		
        </member>
        <member name="T:Demo.Core.Application.School.Dto.SchoolDto">
            <summary>
            学校
            </summary>
        </member>
        <member name="P:Demo.Core.Application.School.Dto.SchoolDto.SchoolId">
            <summary>
            主键
            </summary>		
        </member>
        <member name="P:Demo.Core.Application.School.Dto.SchoolDto.SchoolName">
            <summary>
            学校名称
            </summary>		
        </member>
        <member name="P:Demo.Core.Application.School.Dto.SchoolDto.Remark">
            <summary>
            备注
            </summary>		
        </member>
        <member name="P:Demo.Core.Application.School.Dto.SchoolDto.Status">
            <summary>
            状态|0-删除|1-禁用|2-启用
            </summary>		
        </member>
        <member name="P:Demo.Core.Application.School.Dto.SchoolDto.CreateTime">
            <summary>
            创建时间
            </summary>		
        </member>
        <member name="P:Demo.Core.Application.School.Dto.SchoolDto.CreateUserId">
            <summary>
            创建Id
            </summary>		
        </member>
        <member name="P:Demo.Core.Application.School.Dto.SchoolDto.CreateUser">
            <summary>
            创建用户
            </summary>		
        </member>
        <member name="P:Demo.Core.Application.School.Dto.SchoolDto.LastUpTime">
            <summary>
            更新时间
            </summary>		
        </member>
        <member name="P:Demo.Core.Application.School.Dto.SchoolDto.LastUpUser">
            <summary>
            更新用户
            </summary>		
        </member>
        <member name="P:Demo.Core.Application.School.Dto.SchoolDto.LastUpUserId">
            <summary>
            创建Id
            </summary>		
        </member>
        <member name="T:Demo.Core.Application.School.Dto.SchoolExportDto">
            <summary>
            学校
            </summary>
        </member>
        <member name="P:Demo.Core.Application.School.Dto.SchoolExportDto.SchoolName">
            <summary>
            学校名称
            </summary>	
        </member>
        <member name="P:Demo.Core.Application.School.Dto.SchoolExportDto.Remark">
            <summary>
            备注
            </summary>	
        </member>
        <member name="P:Demo.Core.Application.School.Dto.SchoolExportDto.Status">
            <summary>
            状态|0-删除|1-禁用|2-启用
            </summary>	
        </member>
        <member name="P:Demo.Core.Application.School.Dto.SchoolExportDto.CreateTime">
            <summary>
            创建时间
            </summary>	
        </member>
        <member name="P:Demo.Core.Application.School.Dto.SchoolExportDto.CreateUser">
            <summary>
            创建用户
            </summary>	
        </member>
        <member name="P:Demo.Core.Application.School.Dto.SchoolExportDto.LastUpTime">
            <summary>
            更新时间
            </summary>	
        </member>
        <member name="P:Demo.Core.Application.School.Dto.SchoolExportDto.LastUpUser">
            <summary>
            更新用户
            </summary>	
        </member>
        <member name="T:Demo.Core.Application.School.Dto.SchoolImportDto">
            <summary>
            学校
            </summary>
        </member>
        <member name="P:Demo.Core.Application.School.Dto.SchoolImportDto.SchoolName">
            <summary>
            学校名称
            </summary>	
        </member>
        <member name="P:Demo.Core.Application.School.Dto.SchoolImportDto.Remark">
            <summary>
            备注
            </summary>	
        </member>
        <member name="P:Demo.Core.Application.School.Dto.SchoolImportDto.Status">
            <summary>
            状态|0-删除|1-禁用|2-启用
            </summary>	
        </member>
        <member name="P:Demo.Core.Application.School.Dto.SchoolImportDto.CreateTime">
            <summary>
            创建时间
            </summary>	
        </member>
        <member name="P:Demo.Core.Application.School.Dto.SchoolImportDto.CreateUser">
            <summary>
            创建用户
            </summary>	
        </member>
        <member name="P:Demo.Core.Application.School.Dto.SchoolImportDto.LastUpTime">
            <summary>
            更新时间
            </summary>	
        </member>
        <member name="P:Demo.Core.Application.School.Dto.SchoolImportDto.LastUpUser">
            <summary>
            更新用户
            </summary>	
        </member>
        <member name="T:Demo.Core.Application.School.Dto.SchoolListDto">
            <summary>
            学校
            </summary>
        </member>
        <member name="P:Demo.Core.Application.School.Dto.SchoolListDto.SchoolId">
            <summary>
            主键
            </summary>		
        </member>
        <member name="P:Demo.Core.Application.School.Dto.SchoolListDto.SchoolName">
            <summary>
            学校名称
            </summary>		
        </member>
        <member name="T:Demo.Core.Application.School.Dto.SchoolQueryDto">
            <summary>
            查询Model
            </summary>
        </member>
        <member name="T:Demo.Core.Application.School.ISchoolService">
            <summary>
            学校
            </summary>
        </member>
        <member name="M:Demo.Core.Application.School.ISchoolService.GetList(Demo.Core.Application.School.Dto.SchoolQueryDto)">
            <summary>
            获取列表
            </summary>
            <param name="dto"></param>
            <returns></returns>
        </member>
        <member name="M:Demo.Core.Application.School.ISchoolService.GetViewById(System.Nullable{System.Guid})">
            <summary>
            获取详情
            </summary>
            <param name="primaryKey"></param>
            <returns></returns>
        </member>
        <member name="M:Demo.Core.Application.School.ISchoolService.Add(Demo.Core.Application.School.Dto.SchoolAddDto)">
            <summary>
            新增
            </summary>
            <param name="dto"></param>
            <returns></returns>
        </member>
        <member name="M:Demo.Core.Application.School.ISchoolService.Update(Demo.Core.Application.School.Dto.SchoolAddDto)">
            <summary>
            编辑
            </summary>
            <param name="dto"></param>
            <returns></returns>
        </member>
        <member name="M:Demo.Core.Application.School.ISchoolService.Del(System.Guid)">
            <summary>
            删除
            </summary>
            <param name="primaryKey"></param>
            <returns></returns>
        </member>
        <member name="M:Demo.Core.Application.School.ISchoolService.ExportExcel(Demo.Core.Application.School.Dto.SchoolQueryDto)">
            <summary>
            导出
            </summary>
            <param name="dto"></param>
            <returns></returns>     
        </member>
        <member name="M:Demo.Core.Application.School.ISchoolService.ImportExcel(Microsoft.AspNetCore.Http.IFormFile)">
            <summary>
            导入
            </summary>
            <param name="formFile"></param>
            <returns></returns>
        </member>
        <member name="T:Demo.Core.Application.School.SchoolService">
            <summary>
            学校
            </summary>
        </member>
        <member name="M:Demo.Core.Application.School.SchoolService.GetList(Demo.Core.Application.School.Dto.SchoolQueryDto)">
            <summary>
            获取列表
            </summary>
            <param name="dto"></param>
            <returns></returns>
        </member>
        <member name="M:Demo.Core.Application.School.SchoolService.ExportExcel(Demo.Core.Application.School.Dto.SchoolQueryDto)">
            <summary>
            导出
            </summary>
            <param name="dto"></param>
            <returns></returns>
        </member>
        <member name="M:Demo.Core.Application.School.SchoolService.ImportExcel(Microsoft.AspNetCore.Http.IFormFile)">
            <summary>
            导入
            </summary>
            <param name="formFile"></param>
            <returns></returns>
        </member>
        <member name="M:Demo.Core.Application.School.SchoolService.GetViewById(System.Nullable{System.Guid})">
            <summary>
            获取详情
            </summary>
            <param name="primaryKey"></param>
            <returns></returns>
        </member>
        <member name="M:Demo.Core.Application.School.SchoolService.Add(Demo.Core.Application.School.Dto.SchoolAddDto)">
            <summary>
            新增
            </summary>
            <param name="dto"></param>
            <returns></returns>
        </member>
        <member name="M:Demo.Core.Application.School.SchoolService.Update(Demo.Core.Application.School.Dto.SchoolAddDto)">
            <summary>
            更新
            </summary>
            <param name="dto"></param>
            <returns></returns>
        </member>
        <member name="M:Demo.Core.Application.School.SchoolService.Del(System.Guid)">
            <summary>
            删除
            </summary>
            <param name="primaryKey"></param>
            <returns></returns>
        </member>
        <member name="M:Demo.Core.Application.School.MapperConfig.Bind(AutoMapper.IMapperConfigurationExpression)">
            <summary>
            进行映射设置
            </summary>
            <param name="cfg"></param>
        </member>
        <member name="T:Demo.Core.Application.Student.Dto.StudentAddDto">
            <summary>
            学生表
            </summary>
        </member>
        <member name="P:Demo.Core.Application.Student.Dto.StudentAddDto.StudentId">
            <summary>
            主键
            </summary>		
        </member>
        <member name="P:Demo.Core.Application.Student.Dto.StudentAddDto.StudentName">
            <summary>
            学生姓名
            </summary>		
        </member>
        <member name="P:Demo.Core.Application.Student.Dto.StudentAddDto.StudentAge">
            <summary>
            年龄
            </summary>		
        </member>
        <member name="P:Demo.Core.Application.Student.Dto.StudentAddDto.SchoolId">
            <summary>
            学校ID
            </summary>
        </member>
        <member name="T:Demo.Core.Application.Student.Dto.StudentDto">
            <summary>
            学生表
            </summary>
        </member>
        <member name="P:Demo.Core.Application.Student.Dto.StudentDto.StudentId">
            <summary>
            主键
            </summary>		
        </member>
        <member name="P:Demo.Core.Application.Student.Dto.StudentDto.StudentName">
            <summary>
            学生姓名
            </summary>		
        </member>
        <member name="P:Demo.Core.Application.Student.Dto.StudentDto.StudentAge">
            <summary>
            年龄
            </summary>		
        </member>
        <member name="P:Demo.Core.Application.Student.Dto.StudentDto.Remark">
            <summary>
            备注
            </summary>		
        </member>
        <member name="P:Demo.Core.Application.Student.Dto.StudentDto.Status">
            <summary>
            状态|0-删除|1-禁用|2-启用
            </summary>		
        </member>
        <member name="P:Demo.Core.Application.Student.Dto.StudentDto.CreateTime">
            <summary>
            创建时间
            </summary>		
        </member>
        <member name="P:Demo.Core.Application.Student.Dto.StudentDto.CreateUserId">
            <summary>
            创建Id
            </summary>		
        </member>
        <member name="P:Demo.Core.Application.Student.Dto.StudentDto.CreateUser">
            <summary>
            创建用户
            </summary>		
        </member>
        <member name="P:Demo.Core.Application.Student.Dto.StudentDto.LastUpTime">
            <summary>
            更新时间
            </summary>		
        </member>
        <member name="P:Demo.Core.Application.Student.Dto.StudentDto.LastUpUser">
            <summary>
            更新用户
            </summary>		
        </member>
        <member name="T:Demo.Core.Application.Student.Dto.StudentExportDto">
            <summary>
            学生表
            </summary>
        </member>
        <member name="P:Demo.Core.Application.Student.Dto.StudentExportDto.StudentName">
            <summary>
            学生姓名
            </summary>	
        </member>
        <member name="P:Demo.Core.Application.Student.Dto.StudentExportDto.StudentAge">
            <summary>
            年龄
            </summary>	
        </member>
        <member name="P:Demo.Core.Application.Student.Dto.StudentExportDto.Remark">
            <summary>
            备注
            </summary>	
        </member>
        <member name="P:Demo.Core.Application.Student.Dto.StudentExportDto.CreateTime">
            <summary>
            创建时间
            </summary>	
        </member>
        <member name="P:Demo.Core.Application.Student.Dto.StudentExportDto.CreateUser">
            <summary>
            创建用户
            </summary>	
        </member>
        <member name="P:Demo.Core.Application.Student.Dto.StudentExportDto.LastUpTime">
            <summary>
            更新时间
            </summary>	
        </member>
        <member name="P:Demo.Core.Application.Student.Dto.StudentExportDto.LastUpUser">
            <summary>
            更新用户
            </summary>	
        </member>
        <member name="T:Demo.Core.Application.Student.Dto.StudentImportDto">
            <summary>
            学生表
            </summary>
        </member>
        <member name="P:Demo.Core.Application.Student.Dto.StudentImportDto.StudentName">
            <summary>
            学生姓名
            </summary>	
        </member>
        <member name="P:Demo.Core.Application.Student.Dto.StudentImportDto.StudentAge">
            <summary>
            年龄
            </summary>	
        </member>
        <member name="P:Demo.Core.Application.Student.Dto.StudentImportDto.Remark">
            <summary>
            备注
            </summary>	
        </member>
        <member name="P:Demo.Core.Application.Student.Dto.StudentImportDto.Status">
            <summary>
            状态|0-删除|1-禁用|2-启用
            </summary>	
        </member>
        <member name="P:Demo.Core.Application.Student.Dto.StudentImportDto.CreateTime">
            <summary>
            创建时间
            </summary>	
        </member>
        <member name="P:Demo.Core.Application.Student.Dto.StudentImportDto.CreateUser">
            <summary>
            创建用户
            </summary>	
        </member>
        <member name="P:Demo.Core.Application.Student.Dto.StudentImportDto.LastUpTime">
            <summary>
            更新时间
            </summary>	
        </member>
        <member name="P:Demo.Core.Application.Student.Dto.StudentImportDto.LastUpUser">
            <summary>
            更新用户
            </summary>	
        </member>
        <member name="T:Demo.Core.Application.Student.Dto.StudentListDto">
            <summary>
            学生表
            </summary>
        </member>
        <member name="P:Demo.Core.Application.Student.Dto.StudentListDto.StudentId">
            <summary>
            主键
            </summary>		
        </member>
        <member name="P:Demo.Core.Application.Student.Dto.StudentListDto.StudentName">
            <summary>
            学生姓名
            </summary>		
        </member>
        <member name="P:Demo.Core.Application.Student.Dto.StudentListDto.StudentAge">
            <summary>
            年龄
            </summary>		
        </member>
        <member name="P:Demo.Core.Application.Student.Dto.StudentListDto.SchoolName">
            <summary>
            学校名称
            </summary>	
        </member>
        <member name="T:Demo.Core.Application.Student.Dto.StudentQueryDto">
            <summary>
            查询Model
            </summary>
        </member>
        <member name="T:Demo.Core.Application.Student.IStudentService">
            <summary>
            学生表
            </summary>
        </member>
        <member name="M:Demo.Core.Application.Student.IStudentService.GetList(Demo.Core.Application.Student.Dto.StudentQueryDto)">
            <summary>
            获取列表
            </summary>
            <param name="dto"></param>
            <returns></returns>
        </member>
        <member name="M:Demo.Core.Application.Student.IStudentService.GetViewById(System.Nullable{System.Guid})">
            <summary>
            获取详情
            </summary>
            <param name="primaryKey"></param>
            <returns></returns>
        </member>
        <member name="M:Demo.Core.Application.Student.IStudentService.Add(Demo.Core.Application.Student.Dto.StudentAddDto)">
            <summary>
            新增
            </summary>
            <param name="dto"></param>
            <returns></returns>
        </member>
        <member name="M:Demo.Core.Application.Student.IStudentService.Update(Demo.Core.Application.Student.Dto.StudentAddDto)">
            <summary>
            编辑
            </summary>
            <param name="dto"></param>
            <returns></returns>
        </member>
        <member name="M:Demo.Core.Application.Student.IStudentService.Del(System.Guid)">
            <summary>
            删除
            </summary>
            <param name="primaryKey"></param>
            <returns></returns>
        </member>
        <member name="M:Demo.Core.Application.Student.IStudentService.ExportExcel(Demo.Core.Application.Student.Dto.StudentQueryDto)">
            <summary>
            导出
            </summary>
            <param name="dto"></param>
            <returns></returns>     
        </member>
        <member name="M:Demo.Core.Application.Student.IStudentService.ImportExcel(Microsoft.AspNetCore.Http.IFormFile)">
            <summary>
            导入
            </summary>
            <param name="formFile"></param>
            <returns></returns>
        </member>
        <member name="T:Demo.Core.Application.Student.StudentService">
            <summary>
            学生表
            </summary>
        </member>
        <member name="M:Demo.Core.Application.Student.StudentService.GetList(Demo.Core.Application.Student.Dto.StudentQueryDto)">
            <summary>
            获取列表
            </summary>
            <param name="dto"></param>
            <returns></returns>
        </member>
        <member name="M:Demo.Core.Application.Student.StudentService.ExportExcel(Demo.Core.Application.Student.Dto.StudentQueryDto)">
            <summary>
            导出
            </summary>
            <param name="dto"></param>
            <returns></returns>
        </member>
        <member name="M:Demo.Core.Application.Student.StudentService.ImportExcel(Microsoft.AspNetCore.Http.IFormFile)">
            <summary>
            导入
            </summary>
            <param name="formFile"></param>
            <returns></returns>
        </member>
        <member name="M:Demo.Core.Application.Student.StudentService.GetViewById(System.Nullable{System.Guid})">
            <summary>
            获取详情
            </summary>
            <param name="primaryKey"></param>
            <returns></returns>
        </member>
        <member name="M:Demo.Core.Application.Student.StudentService.Add(Demo.Core.Application.Student.Dto.StudentAddDto)">
            <summary>
            新增
            </summary>
            <param name="dto"></param>
            <returns></returns>
        </member>
        <member name="M:Demo.Core.Application.Student.StudentService.Update(Demo.Core.Application.Student.Dto.StudentAddDto)">
            <summary>
            更新
            </summary>
            <param name="dto"></param>
            <returns></returns>
        </member>
        <member name="M:Demo.Core.Application.Student.StudentService.Del(System.Guid)">
            <summary>
            删除
            </summary>
            <param name="primaryKey"></param>
            <returns></returns>
        </member>
        <member name="M:Demo.Core.Application.Student.MapperConfig.Bind(AutoMapper.IMapperConfigurationExpression)">
            <summary>
            进行映射设置
            </summary>
            <param name="cfg"></param>
        </member>
        <member name="M:Demo.Core.Domain.School2Student.ISchool2StudentRepository.GetEntityByStudentId(System.Guid)">
            <summary>
            根据学生Id查询数据
            </summary>
            <param name="studentId"></param>
            <returns></returns>
        </member>
        <member name="M:Demo.Core.Domain.School2Student.ISchool2StudentRepository.DeleteByStudentId(System.Guid)">
            <summary>
            根据学生Id删除关系数据
            </summary>
            <param name="studentId"></param>
            <returns></returns>
        </member>
        <member name="T:Demo.Core.Domain.School2Student.School2StudentEntity">
            <summary>
            学校和学生关系
            </summary>
            <summary>
            学校和学生关系
            </summary>
        </member>
        <member name="P:Demo.Core.Domain.School2Student.School2StudentEntity.SchoolId">
            <summary>
            学校Id
            </summary>	
        </member>
        <member name="P:Demo.Core.Domain.School2Student.School2StudentEntity.StudentId">
            <summary>
            学生Id
            </summary>	
        </member>
        <member name="T:Demo.Core.Domain.School.SchoolEntity">
            <summary>
            学校
            </summary>
            <summary>
            学校
            </summary>
        </member>
        <member name="P:Demo.Core.Domain.School.SchoolEntity.SchoolId">
            <summary>
            主键
            </summary>	
        </member>
        <member name="P:Demo.Core.Domain.School.SchoolEntity.SchoolName">
            <summary>
            学校名称
            </summary>	
        </member>
        <member name="T:Demo.Core.Domain.Student.StudentEntity">
            <summary>
            学生表
            </summary>
            <summary>
            学生表
            </summary>
        </member>
        <member name="P:Demo.Core.Domain.Student.StudentEntity.StudentId">
            <summary>
            主键
            </summary>	
        </member>
        <member name="P:Demo.Core.Domain.Student.StudentEntity.StudentName">
            <summary>
            学生姓名
            </summary>	
        </member>
        <member name="P:Demo.Core.Domain.Student.StudentEntity.StudentAge">
            <summary>
            年龄
            </summary>	
        </member>
        <member name="M:Demo.Core.Infrastructure.Repositories.School2StudentRepository.GetEntityByStudentId(System.Guid)">
            <summary>
            根据学生Id查询数据
            </summary>
            <param name="studentId"></param>
            <returns></returns>
        </member>
        <member name="M:Demo.Core.Infrastructure.Repositories.School2StudentRepository.DeleteByStudentId(System.Guid)">
            <summary>
            根据学生Id删除关系数据
            </summary>
            <param name="studentId"></param>
            <returns></returns>
        </member>
    </members>
</doc>
