<?xml version="1.0"?>
<doc>
    <assembly>
        <name>Demo.Bussiness</name>
    </assembly>
    <members>
        <member name="M:Demo.School2Student.Controllers.School2StudentController.GetList(Demo.Core.Application.School2Student.Dto.School2StudentQueryDto)">
            <summary>
            列表
            </summary>
            <param name="dto"></param>
            <returns></returns>
        </member>
        <member name="M:Demo.School2Student.Controllers.School2StudentController.GetViewById(System.Nullable{System.Guid})">
            <summary>
             查询单条数据
            </summary>
            <param name="PostId">公司编号</param>
            <returns></returns>
        </member>
        <member name="M:Demo.School2Student.Controllers.School2StudentController.Add(Demo.Core.Application.School2Student.Dto.School2StudentAddDto)">
            <summary>
            新增
            </summary>
            <param name="dto"></param>
            <returns></returns>
        </member>
        <member name="M:Demo.School2Student.Controllers.School2StudentController.Update(Demo.Core.Application.School2Student.Dto.School2StudentAddDto)">
            <summary>
            修改
            </summary>
            <param name="dto"></param>
            <returns></returns>
        </member>
        <member name="M:Demo.School2Student.Controllers.School2StudentController.Del(System.Guid)">
            <summary>
            删除
            </summary>
            <returns></returns>
        </member>
        <member name="M:Demo.School2Student.Controllers.School2StudentController.ExportExcel(Demo.Core.Application.School2Student.Dto.School2StudentQueryDto)">
            <summary>
            导出文件
            </summary>
            <param name="dto"></param>
            <returns></returns>
        </member>
        <member name="M:Demo.School2Student.Controllers.School2StudentController.ImportExcel(Microsoft.AspNetCore.Http.IFormFile)">
            <summary>
            导入数据
            </summary>
            <param name="formFile"></param>
            <returns></returns>
        </member>
        <member name="M:Demo.School.Controllers.SchoolController.GetList(Demo.Core.Application.School.Dto.SchoolQueryDto)">
            <summary>
            列表
            </summary>
            <param name="dto"></param>
            <returns></returns>
        </member>
        <member name="M:Demo.School.Controllers.SchoolController.GetViewById(System.Nullable{System.Guid})">
            <summary>
             查询单条数据
            </summary>
            <param name="PostId">公司编号</param>
            <returns></returns>
        </member>
        <member name="M:Demo.School.Controllers.SchoolController.Add(Demo.Core.Application.School.Dto.SchoolAddDto)">
            <summary>
            新增
            </summary>
            <param name="dto"></param>
            <returns></returns>
        </member>
        <member name="M:Demo.School.Controllers.SchoolController.Update(Demo.Core.Application.School.Dto.SchoolAddDto)">
            <summary>
            修改
            </summary>
            <param name="dto"></param>
            <returns></returns>
        </member>
        <member name="M:Demo.School.Controllers.SchoolController.Del(System.Guid)">
            <summary>
            删除
            </summary>
            <returns></returns>
        </member>
        <member name="M:Demo.School.Controllers.SchoolController.ExportExcel(Demo.Core.Application.School.Dto.SchoolQueryDto)">
            <summary>
            导出文件
            </summary>
            <param name="dto"></param>
            <returns></returns>
        </member>
        <member name="M:Demo.School.Controllers.SchoolController.ImportExcel(Microsoft.AspNetCore.Http.IFormFile)">
            <summary>
            导入数据
            </summary>
            <param name="formFile"></param>
            <returns></returns>
        </member>
        <member name="M:Demo.Student.Controllers.StudentController.GetList(Demo.Core.Application.Student.Dto.StudentQueryDto)">
            <summary>
            列表
            </summary>
            <param name="dto"></param>
            <returns></returns>
        </member>
        <member name="M:Demo.Student.Controllers.StudentController.GetViewById(System.Nullable{System.Guid})">
            <summary>
             查询单条数据
            </summary>
            <param name="PostId">公司编号</param>
            <returns></returns>
        </member>
        <member name="M:Demo.Student.Controllers.StudentController.Add(Demo.Core.Application.Student.Dto.StudentAddDto)">
            <summary>
            新增
            </summary>
            <param name="dto"></param>
            <returns></returns>
        </member>
        <member name="M:Demo.Student.Controllers.StudentController.Update(Demo.Core.Application.Student.Dto.StudentAddDto)">
            <summary>
            修改
            </summary>
            <param name="dto"></param>
            <returns></returns>
        </member>
        <member name="M:Demo.Student.Controllers.StudentController.Del(System.Guid)">
            <summary>
            删除
            </summary>
            <returns></returns>
        </member>
        <member name="M:Demo.Student.Controllers.StudentController.ExportExcel(Demo.Core.Application.Student.Dto.StudentQueryDto)">
            <summary>
            导出文件
            </summary>
            <param name="dto"></param>
            <returns></returns>
        </member>
        <member name="M:Demo.Student.Controllers.StudentController.ImportExcel(Microsoft.AspNetCore.Http.IFormFile)">
            <summary>
            导入数据
            </summary>
            <param name="formFile"></param>
            <returns></returns>
        </member>
    </members>
</doc>
